,keep ,dpmk1-0,Guy11-0,dpmk1-1,Guy11-1,dpmk1-1.5,Guy11-1.5,dpmk1-2,Guy11-2,dpmk1-4,Guy11-4,dpmk1-6,Guy11-6
MGG_08061T0 [621-641]|[R].EASPSLQREESDNEIPPEFLR.[E]|1xPhospho [S]|S,FALSE,0.332444674,0.325555886,1,0.246155848,0.504937089,0.308304121,0.412987469,0.817470463,0,0,0,0
MGG_08061T0 [621-641]|[R].EASPSLQREESDNEIPPEFLR.[E]|1xPhospho [S11(86.2)]|S631,TRUE,0.834772701,0.817474868,0.910897307,0.618100386,0.935217923,0.774155473,0,1,0,0,0,0
MGG_08061T0 [621-641]|[R].EASPSLQREESDNEIPPEFLR.[E]|1xPhospho [S3(92.3)]|S623,TRUE,0.332444674,0.325555886,1,0.246155848,0.504937089,0.308304121,0.412987469,0.817470463,0,0,0,0
MGG_06393T0 [473-488]|[R].ESSSPTSAALANDSAR.[A]|1xPhospho [S/T]|S/T,TRUE,1,0,0.224035988,0.350287531,0.269690316,0.188800629,0,0.599423864,0,0,0,0.307688871
MGG_07667T0 [198-222]|[K].HLLAAPGLPSPSNSVFSRPMADLVR.[T]|1xOxidation [M20];2xPhospho [S10(81.8); S]|M20;S10; S,FALSE,0.582592952,0.552332757,0,0.674081764,0.360599216,1,0.39506492,0.694743938,0.331346365,0,0,0.338927711
MGG_07667T0 [198-222]|[K].HLLAAPGLPSPSNSVFSRPMADLVR.[T]|1xOxidation [M20];2xPhospho [S10(96.5); S12(80.1)]|S207; S209,TRUE,0.582592952,0.552332757,0,0.674081764,0.360599216,1,0.39506492,0.694743938,0.331346365,0,0,0.338927711
MGG_07667T0 [198-222]|[K].HLLAAPGLPSPSNSVFSRPMADLVR.[T]|1xOxidation [M20];2xPhospho [S14(95.3); S17(99.6)]|S211; S214,TRUE,0.582592952,0.552332757,0,0.674081764,0.360599216,1,0.39506492,0.694743938,0.331346365,0,0,0.338927711
MGG_02790T0 [114-126]|[R].TGSGAGAALGQAR.[A]|1xPhospho [T1(87.5)]|T114,TRUE,0.493447984,1,0.298705231,0.232220465,0,0.314788096,0,0.371030464,0.231347807,0,0.277640148,0.236180097
MGG_02790T0 [114-126]|[R].TGSGAGAALGQAR.[A]|1xPhospho [S3(84.6)]|S116,TRUE,0.493447984,1,0.298705231,0.232220465,0,0.314788096,0,0.371030464,0.231347807,0,0.277640148,0.236180097
MGG_06393T0 [629-656]|[K].GASPPELYNPYPAYPTPSPPVGLISSGK.[Q]|1xPhospho [S3(87.6)]|S631,TRUE,0.995262128,0,0,0,1,0.503553123,0.789817522,0,0.443726692,0.479520586,0.615370805,0
MGG_00454T0 [774-786]|[R].SISLGADGREPTR.[L]|1xPhospho [S3(97)]|S776,TRUE,0,0,0,0.72439039,0,0.846526494,0.514439675,1,0,0,0,0.965031843
MGG_00454T0 [451-460]|[R].RTSVSFQPFK.[A]|1xPhospho [S3(100)]|S453,TRUE,0,0,0.732426406,0.772211917,0.653545793,1,0,0.894218728,0,0.517029177,0.470757487,0.788312906
MGG_06393T0 [353-365]|[R].AASKSDDPIASPR.[K]|1xPhospho [S11(100)]|S363,TRUE,0,0,0,0.236164456,0,0.940473223,0,0.797701902,0.316864561,0.808629303,0.235981439,1
MGG_06393T0 [353-365]|[R].AASKSDDPIASPR.[K]|1xPhospho [S5(98.1)]|S357,TRUE,0,0,0,0,0,1,0,0.990837005,0.540060668,0.643880245,0.402204314,0.921672697
MGG_03694T0 [115-143]|[R].SSGPASPNASKGSAATPAADDDSANETNR.[M]|1xPhospho [S/T]|S/T,TRUE,0,0,0,0.695170153,0.251957844,0.240857613,0,0.520089234,0.48241335,1,0,0
MGG_08061T0 [554-568]|[R].STTDPKAAEAEVSSK.[V]|1xPhospho [S/T]|S/T,FALSE,0,0,0.781313284,0.801176953,0.853097668,0.980007576,1,0.942517194,0.344859943,0.715300255,0.200861589,0.366010921
MGG_08061T0 [554-568]|[R].STTDPKAAEAEVSSK.[V]|1xPhospho [T3(89.7)]|T556,TRUE,0,0,0.627625057,0.801176953,0.853097668,0.980007576,1,0.808320398,0,0.311632785,0,0.366010921
MGG_08061T0 [554-568]|[R].STTDPKAAEAEVSSK.[V]|1xPhospho [S1(79.5)]|S554,TRUE,0,0,0.627625057,0.801176953,0.853097668,0.980007576,1,0.808320398,0,0.311632785,0,0.366010921
MGG_08061T0 [554-568]|[R].STTDPKAAEAEVSSK.[V]|1xPhospho [T2(89.6)]|T555,TRUE,0,0,0.627625057,0.801176953,0.853097668,0.980007576,1,0.808320398,0,0.311632785,0,0.366010921
MGG_00454T0 [350-366]|[R].HSGRRDSFTETGIAIPR.[R]|1xPhospho [S7(86.5)]|S356,TRUE,0,0,0.510528754,0.527478149,0.649074105,0.571717475,0.954035585,0.453585375,0.561529674,0.925507492,0.48145464,1
MGG_00454T0 [350-366]|[R].HSGRRDSFTETGIAIPR.[R]|1xPhospho [S2(90.2)]|S351,TRUE,0,0,0.909175023,0.378768147,0.589956263,0.782598651,0.667671234,0.322232125,1,0.780398236,0.857398392,0.828522961
MGG_08061T0 [551-568]|[R].LARSTTDPKAAEAEVSSK.[V]|1xPhospho [S4(84.6)]|S554,TRUE,0,0,1,0.626819766,0.535879655,0.377719819,0.487850146,0.488543875,0.552141411,0.311454765,0.48486044,0.399792979
MGG_08061T0 [551-568]|[R].LARSTTDPKAAEAEVSSK.[V]|1xPhospho [S/T]|S/T,FALSE,0,0,1,0.626819766,0.535879655,0.377719819,0.487850146,0.488543875,0.552141411,0.311454765,0.48486044,0.399792979
MGG_06393T0 [182-207]|[K].LARPILTASQDSLVPVAGLASLPMLK.[L]|1xOxidation [M24];1xPhospho [S12(80)]|S193,TRUE,0,0,0.169056444,0,0,0.174643871,0.290175484,0.262151222,0,0.37957615,0,1
MGG_06393T0 [182-207]|[K].LARPILTASQDSLVPVAGLASLPMLK.[L]|1xOxidation [M24];1xPhospho [S9(80.2)]|S190,TRUE,0,0,0.169056444,0,0,0.174643871,0.290175484,0.262151222,0,0.37957615,0,1
MGG_06393T0 [182-207]|[K].LARPILTASQDSLVPVAGLASLPMLK.[L]|1xOxidation [M24];1xPhospho [T7(94.2)]|T188,TRUE,0,0,0.169056444,0,0,0.174643871,0.290175484,0.262151222,0,0.37957615,0,1
MGG_08061T0 [551-568]|[R].LARSTTDPKAAEAEVSSK.[V]|1xPhospho [T6(83.2)]|T556,TRUE,0,0,1,0.626819766,0.535879655,0.377719819,0.487850146,0.488543875,0.552141411,0.311454765,0.48486044,0.399792979
MGG_03459T0 [12-37]|[K].LGLNLPLRSPTPGTASPPLVSPHLPR.[R]|2xPhospho [S16(100); S21(100)]|S27; S32,TRUE,0,0,0,0.261812314,0,0.406161703,0,0.45509277,0.042784906,1,0,0.402096768
MGG_03459T0 [12-37]|[K].LGLNLPLRSPTPGTASPPLVSPHLPR.[R]|2xPhospho [T14(79.6); S21(100)]|T25; S32,TRUE,0,0,0,0.291967006,0,0.514306377,0,0.547888826,0,1,0,0.442187191
MGG_03459T0 [12-37]|[K].LGLNLPLRSPTPGTASPPLVSPHLPR.[R]|2xPhospho [S21(87); S/T]|S32; T/S,TRUE,0,0,0,0.24988982,0,0.429054919,0,0.434368608,0.040836553,1,0,0.383785956
MGG_03139T0 [264-297]|[R].LGGPNNGASGAAGAGSAGEVLAASPGQDITGSPR.[A]|1xPhospho [S32(78.1)]|S295,TRUE,0,0,1,0,0.347197754,0.220023096,0.521214429,0.315345889,0.384494476,0.174493447,0,0.595125397
MGG_00454T0 [914-939]|[R].HGQGRTSLDEARPGGEGSGAIESGEK.[I]|1xPhospho [S7(84.6)]|S920,TRUE,0,0.262264262,0.281694131,1,0.312566502,0.850483432,0.636330057,0.656936818,0.424104038,0.288532886,0.097688628,0.976056357
MGG_00454T0 [914-939]|[R].HGQGRTSLDEARPGGEGSGAIESGEK.[I]|1xPhospho [S23(77.8)]|S936,TRUE,0,0,0,0.946521159,0.557596315,0.97613003,0.880786855,0.705747384,0.457851311,0.247142454,0,1
MGG_00454T0 [914-941]|[R].HGQGRTSLDEARPGGEGSGAIESGEKIR.[G]|1xPhospho [T6(80.2)]|T919,TRUE,0,0,0.65683415,1,0.692407156,0.582645577,0.68985796,0.637669223,0.751752179,0.543911233,0.485251929,0.568805359
MGG_00454T0 [914-941]|[R].HGQGRTSLDEARPGGEGSGAIESGEKIR.[G]|1xPhospho [S7(83.8)]|S920,TRUE,0,0,0.454533351,1,0.479150094,0.89826906,0.477386035,0.441271101,0.639714144,0.500617637,0.335797378,0.622447476
MGG_06393T0 [460-469]|[R].RGISNASLNR.[S]|1xPhospho [S4(86.2)]|S463,TRUE,0,0,0,0.583739004,0,1,0,0.757298805,0.604930501,0.597410785,0,0.240386459
MGG_06393T0 [556-576]|[R].RATQQGNPTSTTGAIPAAPSR.[T]|1xPhospho [T9(85.9)]|T564,TRUE,0,0,0.52677703,0.695415169,0.539743632,1,0.50398801,0.567614296,0.507566325,0.767104384,0,0.448357922
MGG_06393T0 [556-576]|[R].RATQQGNPTSTTGAIPAAPSR.[T]|1xPhospho [T3(100)]|T558,TRUE,0,0,0.52677703,0.695415169,0.539743632,1,0.50398801,0.567614296,0.507566325,0.767104384,0,0.448357922
MGG_06393T0 [439-458]|[R].RPQAQPSTSAPSKPGLYEER.[R]|1xPhospho [S9(94.8)]|S447,TRUE,0,0,0,0.944700764,0,0,0.86136608,0.772333966,0.426348537,0.426741011,0.363255192,1
MGG_03459T0 [517-534]|[K].NDARGSDEDSPSVGPPSK.[S]|1xPhospho [S6(100)]|S522,TRUE,0,0,0.672679782,1,0.772533977,0.97428029,0.7719994,0.961005318,0.740887059,0.286783055,0,0.498353459
MGG_00454T0 [508-525]|[R].GGPPIDIAGSASPKPASR.[Y]|1xPhospho [S12(99.9)]|S519,TRUE,0,0,0,0.834629653,0,1,0,0.774924646,0.501635545,0.521002794,0,0.678471564