,keep,dpmk1-0,Guy11-0,dpmk1-1,Guy11-1,dpmk1-1.5,Guy11-1.5,dpmk1-2,Guy11-2,dpmk1-4,Guy11-4,dpmk1-6,Guy11-6
MGG_05199T0 [258-285]|[K].ATSPTHLQTAHDRSLAEQTLDPSSAAER.[A]|1xPhospho [S14(80.1)]|S271,TRUE,1,0,0.241729612,0.174651151,0.241643612,0.352360247,0,0.22070927,0,0,0,0.098202098
MGG_09125T0 [241-263]|[K].TTTPPAGGAADAEIVPPTEYPYR.[A]|1xPhospho [T3(81.9)]|T243,TRUE,0.627251088,0.559421927,0.791284483,0,0.758057748,0,1,0,0.560205075,0,0,0.227842957
MGG_06971T0 [550-564]|[R].SGGLTVKDSSAPPTR.[R]|1xPhospho [S9(84.8)]|S558,TRUE,1,0.30116713,0.20175524,0.180864317,0.222537449,0.18849598,0.189845409,0.078652392,0.140871562,0,0,0
MGG_12865T0 [124-134]|[R].RLSFGDDQEER.[V]|1xPhospho [S3(100)]|S126,TRUE,0.16784082,0,0.139705554,0.133972802,0.2036882,0.223803739,0.112604198,0.601898518,0.109359171,0.693449806,0,1
MGG_08255T0 [198-214]|[R].SAGPQSAGPSPQVAQTR.[T]|2xPhospho [S6(97.8); S10(99.3)]|S203; S207,TRUE,1,0,0,0.483460031,0.516312891,0.71605014,0,0.518589836,0,0.434903087,0,0.162614108
MGG_00800T0 [351-366]|[K].SHLAPQLSPATADLLR.[S]|1xPhospho [S8(100)]|S358,TRUE,0,0,0,0.793955933,0,0.487834098,0,0.755060006,0,0.630812392,0,1
MGG_12865T0 [252-264]|[R].AMSGDEYMMEQHR.[G]|3xOxidation [M2; M8; M9];1xPhospho [S3(100)]|S254,TRUE,0,0,0,0.07747328,0,0.134771568,0,0.725283261,0.160291325,1,0,0.48012138
MGG_12958T0 [546-562]|[R].ARSATVMGSEVGPYPQK.[S]|1xOxidation [M7];1xPhospho [T5(97)]|T550,TRUE,0,0,0.754989759,0.623267163,0.42845743,0.463905384,0.895517205,0,0.833156049,1,0.73720031,0.488746153
MGG_12958T0 [546-562]|[R].ARSATVMGSEVGPYPQK.[S]|1xOxidation [M7];1xPhospho [S3(92.4)]|S548,TRUE,0,0,0.754989759,0.623267163,0.42845743,0.463905384,0.895517205,0,0.833156049,1,0.73720031,0.488746153
MGG_00800T0 [347-366]|[R].DNRKSHLAPQLSPATADLLR.[S]|2xPhospho [S5(100); S/T]|S351; S/T,FALSE,0,0,0,0.404836581,0,0.746296086,0,0.54105637,0,0.262717218,0,1
MGG_00800T0 [347-366]|[R].DNRKSHLAPQLSPATADLLR.[S]|2xPhospho [S5(100); S12(100)]|S351; S358,TRUE,0,0,0,0.297484041,0,0.548397021,0,0.397581747,0,0.19305118,0,1
MGG_00800T0 [347-366]|[R].DNRKSHLAPQLSPATADLLR.[S]|1xPhospho [S12(99.9)]|S358,TRUE,0,0,0.237346765,0.583009015,0.7258002,0.811523501,1,0.364367062,0.571781266,0.99080495,0.20263446,0.161405306
MGG_00800T0 [347-366]|[R].DNRKSHLAPQLSPATADLLR.[S]|1xPhospho [S5(100)]|S351,TRUE,0,0,0.237346765,0.583009015,0.7258002,0.811523501,1,0.364367062,0.571781266,0.99080495,0.20263446,0.161405306
MGG_12865T0 [153-167]|[R].DNRPLSPVTLSGGPR.[S]|1xPhospho [S6(100)]|S158,TRUE,0,0,0.056280832,0.093131963,0,0.219831498,0.108109383,0.385359148,0.075585492,1,0.042282439,0.31132208
MGG_12865T0 [153-167]|[R].DNRPLSPVTLSGGPR.[S]|1xPhospho [T9(86.3)]|T161,TRUE,0,0,0,0.076264098,0,0.249024278,0.10637201,0.39004927,0.072057791,1,0,0.303056026
MGG_09565T0 [172-190]|[R].SAASQEDNSGFMTEYVATR.[W]|1xOxidation [M12];1xPhospho [Y15(99.9)]|Y186,TRUE,0,0,0,0.434000166,0,0.900035146,0,0.635787084,0,0.475294993,0,1
MGG_09565T0 [172-190]|[R].SAASQEDNSGFMTEYVATR.[W]|1xOxidation [M12];1xPhospho [S1(78.5)]|S172,TRUE,0,0,0,0.641409775,0,0.984337975,0,0.725687981,0,0.453591365,0,1
MGG_05199T0 [258-270]|[K].ATSPTHLQTAHDR.[S]|1xPhospho [S3(89.6)]|S260,TRUE,0,0,0.071023414,0.704597412,0.082982352,0.790204989,0.0912442,0.873453666,0.078440604,0.505011637,0.062389296,1
MGG_09565T0 [172-190]|[R].SAASQEDNSGFMTEYVATR.[W]|1xOxidation [M12];1xPhospho [T18(94.5)]|T189,TRUE,0,0,0,0.434000166,0,0.900035146,0,0.635787084,0,0.475294993,0,1
MGG_09125T0 [241-263]|[K].TTTPPAGGAADAEIVPPTEYPYR.[A]|1xPhospho [T1(76.2)]|T241,TRUE,0,0.706979524,1,0,0.958009115,0,0.835975121,0,0.509056898,0,0,0.194720454
MGG_00800T0 [367-390]|[R].SSDSPTATYHGDDRPLETPTSAYR.[V]|1xPhospho [S4(93.6)]|S370,TRUE,0,0,0.445205188,0.751433076,0.721781819,0.913910673,0.753425377,1,0.779933216,0.384869505,0.420227087,0.617709837
MGG_00800T0 [367-390]|[R].SSDSPTATYHGDDRPLETPTSAYR.[V]|1xPhospho [S1(83.7)]|S367,TRUE,0,0,0.445205188,0.751433076,0.721781819,0.913910673,0.753425377,1,0.779933216,0.384869505,0.420227087,0.617709837
MGG_06033T0 [730-740]|[R].SSSVATPSEMR.[Q]|1xOxidation [M10];1xPhospho [S2(78.8)]|S731,TRUE,0,0,0.409830529,0.691583935,0.560347802,1,0.273480618,0.479543851,0.300432567,0.199292413,0.141049067,0
MGG_06033T0 [730-740]|[R].SSSVATPSEMR.[Q]|1xOxidation [M10];1xPhospho [S3(78.1)]|S732,TRUE,0,0,0.409830529,0.691583935,0.560347802,1,0.273480618,0.479543851,0.300432567,0.199292413,0.141049067,0
MGG_09697T0 [641-655]|[R].SQTGESSQSIASIAR.[G]|1xPhospho [T3(82.6)]|T643,TRUE,0,0,0,0.609714632,0,1,0,0.530181092,0,0.51846432,0,0.193232745
MGG_14931T0 [274-303]|[R].LNLEVVTSAPSAMPSSIQSSPSSFSAGSGR.[S]|1xOxidation [M13];1xPhospho [S19(78.3)]|S292,TRUE,0,0,0,0,0,0.262749269,0.318712281,1,0,0.439184245,0,0.556677863
MGG_00800T0 [350-366]|[R].KSHLAPQLSPATADLLR.[S]|1xPhospho [S/T]|S/T,TRUE,0,0,0.043386081,0.835155119,0.045243685,0.621448245,0,0.591270253,0.029231822,0.487161039,0,1
MGG_00800T0 [350-366]|[R].KSHLAPQLSPATADLLR.[S]|1xPhospho [S9(100)]|S358,TRUE,0,0,0.039451003,0.851190601,0.041140124,0.565083455,0,0.58942482,0.026580523,0.442975977,0.06631073,1
MGG_08255T0 [1044-1056]|[R].ERTGSVANVGAGR.[N]|1xPhospho [T3(81.2)]|T1046,TRUE,0,0,0.782749234,0.471072931,0.744266385,0.529016991,1,0,0.745283882,0.226080807,0.445632451,0.295786036
MGG_08255T0 [1044-1056]|[R].ERTGSVANVGAGR.[N]|1xPhospho [S5(94)]|S1048,TRUE,0,0,0.782749234,0.471072931,0.744266385,0.529016991,1,0,0.745283882,0.226080807,0.445632451,0.295786036
MGG_12865T0 [152-167]|[R].RDNRPLSPVTLSGGPR.[S]|1xPhospho [S7(100)]|S158,TRUE,0,0,0.128979226,0.151330957,0.158591245,0.180739465,0.19469068,0.36173099,0.16120069,1,0,0.368609763
MGG_12865T0 [124-140]|[R].RLSFGDDQEERVSQVPR.[L]|1xPhospho [S3(100)]|S126,TRUE,0,0,0.133666456,0.092729089,0.120772871,0.131722197,0.089762283,0.32968166,0.169844142,1,0.147098239,0.21671157