"","identifier","modification","dpmk1-0","Guy11-0","dpmk1-1","Guy11-1","dpmk1-1.5","Guy11-1.5","dpmk1-2","Guy11-2","dpmk1-4","Guy11-4","dpmk1-6","Guy11-6"
"MGG_11211T0 [1018-1035]-1xPhospho [S11(100)]","MGG_11211T0 [1018","1035]",0.607512916382424,0,0.619696183980533,0.559367072486019,0.460641970391534,0.719198328795855,0,1,0.455352546191182,0.53243576191819,0.36872281390694,0.345219140100425
"MGG_06599T0 [124-148]-1xPhospho [S1(99.7)]","MGG_06599T0 [124","148]",0,0,0,0,0,0.486016580679852,0.245062936653531,0.908060689765145,0.249229933770244,0.208847086378297,0,1
"MGG_06599T0 [124-148]-1xPhospho [T/S]","MGG_06599T0 [124","148]",0,0,0,0,0,0.486016580679852,0.245062936653531,0.908060689765145,0.249229933770244,0.208847086378297,0,1
"MGG_11211T0 [481-504]-1xPhospho [S5(100)]","MGG_11211T0 [481","504]",0,0,0.142372736886346,0.394995682982797,0.235135212155994,0.454688234004314,0.233440577929144,0.590927933346716,0.314130158127627,1,0,0.203642240418983
"MGG_11211T0 [481-504]-1xPhospho [S17(99.2)]","MGG_11211T0 [481","504]",0,0,0.142372736886346,0.394995682982797,0.235135212155994,0.454688234004314,0.233440577929144,0.590927933346716,0.314130158127627,1,0,0.203642240418983
"MGG_06599T0 [92-123]-1xOxidation [M5];1xPhospho [S/T]","MGG_06599T0 [92","123]",0,0,0,0.257635814435155,0.214297776406001,0.380523429539766,0.461237423037333,0.52029058816739,0.35999283187648,0.401842606980515,0.293013772931634,1
"MGG_06599T0 [92-123]-1xOxidation [M5];1xPhospho [T15(75.7)]","MGG_06599T0 [92","123]",0,0,0,0.436830445248025,0.363349300982595,0.645190652229754,0.782044023313232,0.882170709789738,0.610380312921441,0.681338055859105,0.49681499900995,1
"MGG_06599T0 [92-123]-1xOxidation [M5];1xPhospho [S30(78)]","MGG_06599T0 [92","123]",0,0,0,0.257635814435155,0.214297776406001,0.380523429539766,0.461237423037333,0.52029058816739,0.35999283187648,0.401842606980515,0.293013772931634,1
"MGG_06599T0 [92-123]-1xOxidation [M5];1xPhospho [S24(90)]","MGG_06599T0 [92","123]",0,0,0,0.436830445248025,0.363349300982595,0.645190652229754,0.782044023313232,0.882170709789738,0.610380312921441,0.681338055859105,0.49681499900995,1
"MGG_06599T0 [92-123]-1xOxidation [M5];1xPhospho [S29(97.9)]","MGG_06599T0 [92","123]",0,0,0,0.257635814435155,0.214297776406001,0.380523429539766,0.461237423037333,0.52029058816739,0.35999283187648,0.401842606980515,0.293013772931634,1
"MGG_11211T0 [505-529]-3xPhospho [S7(90.3); T11(93.7); S/Y/T]","MGG_11211T0 [505","529]",0,0.39595168526215,0,0,0.650061896611127,0,0.477746541280177,0.880175377345864,0.664505058666201,1,0,0.729163338512453
"MGG_11211T0 [505-529]-3xPhospho [S7(97.1); Y17(86); T21(99.6)]","MGG_11211T0 [505","529]",0,0.39595168526215,0,0,0.650061896611127,0,0.477746541280177,0.880175377345864,0.664505058666201,1,0,0.729163338512453
"MGG_11211T0 [505-529]-3xPhospho [T11(99.7); S15(97.2); T21(96.9)]","MGG_11211T0 [505","529]",0,0.39595168526215,0,0,0.650061896611127,0,0.477746541280177,0.880175377345864,0.664505058666201,1,0,0.729163338512453
"MGG_11211T0 [505-529]-3xPhospho [S7(98.1); T11(99.5); S15(94.5)]","MGG_11211T0 [505","529]",0,0.39595168526215,0,0,0.650061896611127,0,0.477746541280177,0.880175377345864,0.664505058666201,1,0,0.729163338512453
"MGG_11211T0 [505-529]-3xPhospho [S7(99.9); T11(99.8); T21(77.1)]","MGG_11211T0 [505","529]",0,0.39595168526215,0,0,0.650061896611127,0,0.477746541280177,0.880175377345864,0.664505058666201,1,0,0.729163338512453
"MGG_11211T0 [505-529]-3xPhospho [S7(99.6); T11(99.9); Y17(85.8)]","MGG_11211T0 [505","529]",0,0.39595168526215,0,0,0.650061896611127,0,0.477746541280177,0.880175377345864,0.664505058666201,1,0,0.729163338512453
"MGG_11211T0 [505-529]-2xPhospho [S7(88.3); T11(85.3)]","MGG_11211T0 [505","529]",0,0.23980386820898,0,0.742933617854982,0.453546306424831,0.775916975913205,0.457347346677865,1,0.281557617970021,0.742744302303703,0.380489423246262,0.175834483529318
"MGG_11211T0 [505-529]-2xPhospho [S7(98.2); S15(100)]","MGG_11211T0 [505","529]",0,0.23980386820898,0,0.742933617854982,0.453546306424831,0.775916975913205,0.457347346677865,1,0.281557617970021,0.742744302303703,0.380489423246262,0.175834483529318
"MGG_08887T0 [1-21]-1xMet-loss+Acetyl [N-Term];1xPhospho [S6(93.2)]","MGG_08887T0 [1","21]",0,0,0.330753749589556,0.225359424709224,0.290063483395811,0.3760406442345,0.50547018238737,1,0.113292450198767,0,0,0
"MGG_08887T0 [1-41]-1xMet-loss+Acetyl [N-Term];1xPhospho [T23(75.7)]","MGG_08887T0 [1","41]",0,0,0,0.493908071132492,1,0.963442092990453,0,0.351085645609634,0.955223950860888,0,0,0
"MGG_08887T0 [1-41]-1xMet-loss+Acetyl [N-Term];1xPhospho [S6(77.9)]","MGG_08887T0 [1","41]",0,0,0,0.288558647565489,0.584235537807364,1,0,0.20511671097919,0.558075778657685,0,0,0
"MGG_08887T0 [1-41]-1xMet-loss+Acetyl [N-Term];1xPhospho [S/T]","MGG_08887T0 [1","41]",0,0,0,0.288558647565489,0.584235537807364,1,0,0.20511671097919,0.558075778657685,0,0,0
"MGG_08887T0 [1-21]-1xMet-loss+Acetyl [N-Term];1xPhospho [T9(84.6)]","MGG_08887T0 [1","21]",0,0,0.654348685865868,0,0.573848851035725,0,1,0.91167399971351,0.224132805744701,0,0,0
"MGG_08887T0 [1-21]-1xMet-loss+Acetyl [N-Term];1xPhospho [S/T]","MGG_08887T0 [1","21]",0,0,0.654348685865868,0,0.573848851035725,0,1,0.91167399971351,0.224132805744701,0,0,0
"MGG_15156T0 [2380-2407]-1xOxidation [M21];1xPhospho [S13(79.8)]","MGG_15156T0 [2380","2407]",0,0,1,0.508246522879546,0.49881053986482,0.517493761309882,0.929457073379118,0.372303249120512,0,0,0.507679372097082,0
"MGG_15156T0 [2380-2407]-1xOxidation [M21];1xPhospho [S/T]","MGG_15156T0 [2380","2407]",0,0,1,0.508246522879546,0.49881053986482,0.517493761309882,0.929457073379118,0.372303249120512,0,0,0.507679372097082,0
